"District","District Code","Race/Ethnicity","Count","%"
"Achievement First Hartford Academy Inc. District","=""2880013""","American Indian or Alaska Native","*","*"
"Achievement First Hartford Academy Inc. District","=""2880013""","Asian","N/A","*"
"Achievement First Hartford Academy Inc. District","=""2880013""","Black or African American",249,39.0
"Achievement First Hartford Academy Inc. District","=""2880013""","Hispanic/Latino of any race",33,32.4
"Achievement First Hartford Academy Inc. District","=""2880013""","Native Hawaiian or Other Pacific Islander","N/A","*"
"Achievement First Hartford Academy Inc. District","=""2880013""","Two or More Races","*","*"
"Achievement First Hartford Academy Inc. District","=""2880013""","White","N/A","*"
"Amistad Academy District","=""2790013""","American Indian or Alaska Native","*","*"
"Amistad Academy District","=""2790013""","Black or African American",138,26.0
"Amistad Academy District","=""2790013""","Hispanic/Latino of any race",53,18.4
"Amistad Academy District","=""2790013""","Two or More Races","*","*"
"Amistad Academy District","=""2790013""","White","*","*"
"Andover School District","=""0010011""","Asian","N/A","*"
"Andover School District","=""0010011""","Black or African American","N/A","*"
"Andover School District","=""0010011""","Hispanic/Latino of any race","N/A","*"
"Andover School District","=""0010011""","Two or More Races","N/A","*"
"Andover School District","=""0010011""","White","*","*"
"Ansonia School District","=""0020011""","American Indian or Alaska Native","*","*"
"Ansonia School District","=""0020011""","Asian","N/A","N/A"
"Ansonia School District","=""0020011""","Black or African American",95,18.0
"Ansonia School District","=""0020011""","Hispanic/Latino of any race",62,9.2
"Ansonia School District","=""0020011""","Native Hawaiian or Other Pacific Islander","N/A","N/A"
"Ansonia School District","=""0020011""","Two or More Races","*","*"
"Ansonia School District","=""0020011""","White",80,6.3
"Area Cooperative Educational Services","=""2440014""","American Indian or Alaska Native","*","*"
"Area Cooperative Educational Services","=""2440014""","Asian","*","*"
"Area Cooperative Educational Services","=""2440014""","Black or African American",124,21.2
"Area Cooperative Educational Services","=""2440014""","Hispanic/Latino of any race",100,18.1
"Area Cooperative Educational Services","=""2440014""","Two or More Races",7,11.3
"Area Cooperative Educational Services","=""2440014""","White",69,9.8
"Ashford School District","=""0030011""","Asian","N/A","*"
"Ashford School District","=""0030011""","Black or African American","N/A","*"
"Ashford School District","=""0030011""","Hispanic/Latino of any race","N/A","N/A"
"Ashford School District","=""0030011""","Two or More Races","N/A","*"
"Ashford School District","=""0030011""","White",12,2.8
"Avon School District","=""0040011""","American Indian or Alaska Native","N/A","*"
"Avon School District","=""0040011""","Asian","*","*"
"Avon School District","=""0040011""","Black or African American",19,18.1
"Avon School District","=""0040011""","Hispanic/Latino of any race",7,3.6
"Avon School District","=""0040011""","Native Hawaiian or Other Pacific Islander","*","*"
"Avon School District","=""0040011""","Two or More Races","*","*"
"Avon School District","=""0040011""","White",31,1.1
"Barkhamsted School District","=""0050011""","American Indian or Alaska Native","N/A","*"
"Barkhamsted School District","=""0050011""","Asian","N/A","*"
"Barkhamsted School District","=""0050011""","Black or African American","N/A","*"
"Barkhamsted School District","=""0050011""","Hispanic/Latino of any race","N/A","*"
"Barkhamsted School District","=""0050011""","Two or More Races","N/A","*"
"Barkhamsted School District","=""0050011""","White","*","*"
"Berlin School District","=""0070011""","American Indian or Alaska Native","N/A","*"
"Berlin School District","=""0070011""","Asian","*","*"
"Berlin School District","=""0070011""","Black or African American",9,28.1
"Berlin School District","=""0070011""","Hispanic/Latino of any race",32,16.0
"Berlin School District","=""0070011""","Two or More Races","*","*"
"Berlin School District","=""0070011""","White",117,4.5
"Bethany School District","=""0080011""","American Indian or Alaska Native","N/A","*"
"Bethany School District","=""0080011""","Asian","N/A","N/A"
"Bethany School District","=""0080011""","Black or African American","N/A","*"
"Bethany School District","=""0080011""","Hispanic/Latino of any race","N/A","*"
"Bethany School District","=""0080011""","Two or More Races","N/A","*"
"Bethany School District","=""0080011""","White","*","*"
"Bethel School District","=""0090011""","American Indian or Alaska Native","N/A","*"
"Bethel School District","=""0090011""","Asian","*","*"
"Bethel School District","=""0090011""","Black or African American",10,14.9
"Bethel School District","=""0090011""","Hispanic/Latino of any race",42,10.3
"Bethel School District","=""0090011""","Native Hawaiian or Other Pacific Islander","N/A","*"
"Bethel School District","=""0090011""","Two or More Races","*","*"
"Bethel School District","=""0090011""","White",137,6.0
"Bloomfield School District","=""0110011""","American Indian or Alaska Native","*","*"
"Bloomfield School District","=""0110011""","Asian","*","*"
"Bloomfield School District","=""0110011""","Black or African American",235,14.4
"Bloomfield School District","=""0110011""","Hispanic/Latino of any race",27,13.5
"Bloomfield School District","=""0110011""","Native Hawaiian or Other Pacific Islander","N/A","*"
"Bloomfield School District","=""0110011""","Two or More Races",11,16.2
"Bloomfield School District","=""0110011""","White","*","*"
"Bolton School District","=""0120011""","Asian","N/A","N/A"
"Bolton School District","=""0120011""","Black or African American","*","*"
"Bolton School District","=""0120011""","Hispanic/Latino of any race","*","*"
"Bolton School District","=""0120011""","Two or More Races","*","*"
"Bolton School District","=""0120011""","White",14,1.8
"Bozrah School District","=""0130011""","American Indian or Alaska Native","*","*"
"Bozrah School District","=""0130011""","Asian","N/A","*"
"Bozrah School District","=""0130011""","Black or African American","N/A","*"
"Bozrah School District","=""0130011""","Hispanic/Latino of any race","N/A","*"
"Bozrah School District","=""0130011""","Two or More Races","N/A","*"
"Bozrah School District","=""0130011""","White","*","*"
"Branford School District","=""0140011""","American Indian or Alaska Native","N/A","*"
"Branford School District","=""0140011""","Asian","*","*"
"Branford School District","=""0140011""","Black or African American",11,11.1
"Branford School District","=""0140011""","Hispanic/Latino of any race",16,6.0
"Branford School District","=""0140011""","Two or More Races","*","*"
"Branford School District","=""0140011""","White",168,6.3
"Bridgeport Achievement First District","=""2850013""","American Indian or Alaska Native","N/A","*"
"Bridgeport Achievement First District","=""2850013""","Asian","N/A","*"
"Bridgeport Achievement First District","=""2850013""","Black or African American",96,33.2
"Bridgeport Achievement First District","=""2850013""","Hispanic/Latino of any race",67,30.5
"Bridgeport Achievement First District","=""2850013""","Two or More Races","N/A","*"
"Bridgeport Achievement First District","=""2850013""","White",6,"*"
"Bridgeport School District","=""0150011""","American Indian or Alaska Native",33,20.5
"Bridgeport School District","=""0150011""","Asian",45,7.8
"Bridgeport School District","=""0150011""","Black or African American",1929,23.9
"Bridgeport School District","=""0150011""","Hispanic/Latino of any race",1578,15.6
"Bridgeport School District","=""0150011""","Native Hawaiian or Other Pacific Islander",6,"*"
"Bridgeport School District","=""0150011""","Two or More Races",16,15.8
"Bridgeport School District","=""0150011""","White",180,10.8
"Bristol School District","=""0170011""","American Indian or Alaska Native","*","*"
"Bristol School District","=""0170011""","Asian","*","*"
"Bristol School District","=""0170011""","Black or African American",96,18.3
"Bristol School District","=""0170011""","Hispanic/Latino of any race",215,13.3
"Bristol School District","=""0170011""","Native Hawaiian or Other Pacific Islander","N/A","*"
"Bristol School District","=""0170011""","Two or More Races",18,7.7
"Bristol School District","=""0170011""","White",385,6.6
"Brookfield School District","=""0180011""","American Indian or Alaska Native","N/A","*"
"Brookfield School District","=""0180011""","Asian","*","*"
"Brookfield School District","=""0180011""","Black or African American","*","*"
"Brookfield School District","=""0180011""","Hispanic/Latino of any race",8,5.1
"Brookfield School District","=""0180011""","Native Hawaiian or Other Pacific Islander","N/A","*"
"Brookfield School District","=""0180011""","White",78,3.2
"Brooklyn School District","=""0190011""","American Indian or Alaska Native","N/A","*"
"Brooklyn School District","=""0190011""","Asian","N/A","*"
"Brooklyn School District","=""0190011""","Black or African American","*","*"
"Brooklyn School District","=""0190011""","Hispanic/Latino of any race","*","*"
"Brooklyn School District","=""0190011""","Native Hawaiian or Other Pacific Islander","N/A","*"
"Brooklyn School District","=""0190011""","Two or More Races","*","*"
"Brooklyn School District","=""0190011""","White",60,7.1
"Canaan School District","=""0210011""","American Indian or Alaska Native","N/A","*"
"Canaan School District","=""0210011""","Black or African American","N/A","*"
"Canaan School District","=""0210011""","Hispanic/Latino of any race","N/A","*"
"Canaan School District","=""0210011""","Two or More Races","N/A","*"
"Canaan School District","=""0210011""","White","N/A","N/A"
"Canterbury School District","=""0220011""","Asian","N/A","*"
"Canterbury School District","=""0220011""","Black or African American","N/A","*"
"Canterbury School District","=""0220011""","Hispanic/Latino of any race","N/A","N/A"
"Canterbury School District","=""0220011""","Two or More Races","*","*"
"Canterbury School District","=""0220011""","White","*","*"
"Canton School District","=""0230011""","American Indian or Alaska Native","N/A","*"
"Canton School District","=""0230011""","Asian","*","*"
"Canton School District","=""0230011""","Black or African American",9,16.1
"Canton School District","=""0230011""","Hispanic/Latino of any race",8,8.6
"Canton School District","=""0230011""","Two or More Races","*","*"
"Canton School District","=""0230011""","White",30,1.9
"Capitol Region Education Council","=""2410014""","American Indian or Alaska Native","*","*"
"Capitol Region Education Council","=""2410014""","Asian","*","*"
"Capitol Region Education Council","=""2410014""","Black or African American",139,8.1
"Capitol Region Education Council","=""2410014""","Hispanic/Latino of any race",111,7.5
"Capitol Region Education Council","=""2410014""","Native Hawaiian or Other Pacific Islander","N/A","*"
"Capitol Region Education Council","=""2410014""","Two or More Races",7,4.7
"Capitol Region Education Council","=""2410014""","White",52,2.9
"Chaplin School District","=""0240011""","Asian","N/A","*"
"Chaplin School District","=""0240011""","Black or African American","N/A","*"
"Chaplin School District","=""0240011""","Hispanic/Latino of any race","N/A","*"
"Chaplin School District","=""0240011""","Native Hawaiian or Other Pacific Islander","N/A","*"
"Chaplin School District","=""0240011""","Two or More Races","N/A","*"
"Chaplin School District","=""0240011""","White","*","*"
"Cheshire School District","=""0250011""","American Indian or Alaska Native","N/A","*"
"Cheshire School District","=""0250011""","Asian","*","*"
"Cheshire School District","=""0250011""","Black or African American",8,7.7
"Cheshire School District","=""0250011""","Hispanic/Latino of any race","*","*"
"Cheshire School District","=""0250011""","Two or More Races","N/A","*"
"Cheshire School District","=""0250011""","White",113,2.7
"Chester School District","=""0260011""","Asian","N/A","*"
"Chester School District","=""0260011""","Black or African American","N/A","*"
"Chester School District","=""0260011""","Hispanic/Latino of any race","*","*"
"Chester School District","=""0260011""","Two or More Races","N/A","*"
"Chester School District","=""0260011""","White","*","*"
"Clinton School District","=""0270011""","American Indian or Alaska Native","*","*"
"Clinton School District","=""0270011""","Asian","*","*"
"Clinton School District","=""0270011""","Black or African American","*","*"
"Clinton School District","=""0270011""","Hispanic/Latino of any race",9,5.5
"Clinton School District","=""0270011""","Native Hawaiian or Other Pacific Islander","N/A","*"
"Clinton School District","=""0270011""","Two or More Races","*","*"
"Clinton School District","=""0270011""","White",104,6.0
"Colchester School District","=""0280011""","American Indian or Alaska Native","*","*"
"Colchester School District","=""0280011""","Asian","*","*"
"Colchester School District","=""0280011""","Black or African American",11,12.4
"Colchester School District","=""0280011""","Hispanic/Latino of any race",10,7.3
"Colchester School District","=""0280011""","Two or More Races","*","*"
"Colchester School District","=""0280011""","White",105,3.9
"Colebrook School District","=""0290011""","Hispanic/Latino of any race","N/A","*"
"Colebrook School District","=""0290011""","Two or More Races","N/A","*"
"Colebrook School District","=""0290011""","White","N/A","N/A"
"Columbia School District","=""0300011""","Asian","N/A","*"
"Columbia School District","=""0300011""","Black or African American","N/A","*"
"Columbia School District","=""0300011""","Hispanic/Latino of any race","*","*"
"Columbia School District","=""0300011""","Two or More Races","N/A","*"
"Columbia School District","=""0300011""","White","*","*"
"Common Ground High School District","=""2680013""","Asian","N/A","*"
"Common Ground High School District","=""2680013""","Black or African American",8,16.7
"Common Ground High School District","=""2680013""","Hispanic/Latino of any race",6,8.6
"Common Ground High School District","=""2680013""","Two or More Races","*","*"
"Common Ground High School District","=""2680013""","White","*","*"
"Connecticut Technical High School System","=""9000016""","American Indian or Alaska Native",16,22.5
"Connecticut Technical High School System","=""9000016""","Asian","*","*"
"Connecticut Technical High School System","=""9000016""","Black or African American",506,34.1
"Connecticut Technical High School System","=""9000016""","Hispanic/Latino of any race",799,25.3
"Connecticut Technical High School System","=""9000016""","Native Hawaiian or Other Pacific Islander","*","*"
"Connecticut Technical High School System","=""9000016""","Two or More Races",35,22.2
"Connecticut Technical High School System","=""9000016""","White",1355,24.3
"Cooperative Educational Services","=""2430014""","American Indian or Alaska Native","N/A","*"
"Cooperative Educational Services","=""2430014""","Asian","*","*"
"Cooperative Educational Services","=""2430014""","Black or African American",24,9.2
"Cooperative Educational Services","=""2430014""","Hispanic/Latino of any race",12,5.1
"Cooperative Educational Services","=""2430014""","Two or More Races","*","*"
"Cooperative Educational Services","=""2430014""","White",23,7.6
"Cornwall School District","=""0310011""","Asian","N/A","*"
"Cornwall School District","=""0310011""","Hispanic/Latino of any race","N/A","*"
"Cornwall School District","=""0310011""","Two or More Races","N/A","*"
"Cornwall School District","=""0310011""","White","N/A","N/A"
"Coventry School District","=""0320011""","American Indian or Alaska Native","*","*"
"Coventry School District","=""0320011""","Asian","N/A","*"
"Coventry School District","=""0320011""","Black or African American","*","*"
"Coventry School District","=""0320011""","Hispanic/Latino of any race",6,8.0
"Coventry School District","=""0320011""","Two or More Races","*","*"
"Coventry School District","=""0320011""","White",88,5.4
"Cromwell School District","=""0330011""","American Indian or Alaska Native","*","*"
"Cromwell School District","=""0330011""","Asian","*","*"
"Cromwell School District","=""0330011""","Black or African American",41,24.3
"Cromwell School District","=""0330011""","Hispanic/Latino of any race",22,14.4
"Cromwell School District","=""0330011""","Two or More Races","N/A","*"
"Cromwell School District","=""0330011""","White",119,7.6
"Danbury School District","=""0340011""","American Indian or Alaska Native","N/A","*"
"Danbury School District","=""0340011""","Asian",39,4.7
"Danbury School District","=""0340011""","Black or African American",199,21.2
"Danbury School District","=""0340011""","Hispanic/Latino of any race",517,12.0
"Danbury School District","=""0340011""","Native Hawaiian or Other Pacific Islander","N/A","*"
"Danbury School District","=""0340011""","Two or More Races",15,7.1
"Danbury School District","=""0340011""","White",314,6.8
"Darien School District","=""0350011""","American Indian or Alaska Native","N/A","*"
"Darien School District","=""0350011""","Asian","*","*"
"Darien School District","=""0350011""","Black or African American","*","*"
"Darien School District","=""0350011""","Hispanic/Latino of any race","*","*"
"Darien School District","=""0350011""","Two or More Races","N/A","*"
"Darien School District","=""0350011""","White",46,1.0
"Deep River School District","=""0360011""","Asian","N/A","*"
"Deep River School District","=""0360011""","Black or African American","N/A","*"
"Deep River School District","=""0360011""","Hispanic/Latino of any race","N/A","N/A"
"Deep River School District","=""0360011""","Two or More Races","N/A","*"
"Deep River School District","=""0360011""","White","*","*"
"Department of Mental Health and Addiction Services","=""3370015""","Asian","N/A","*"
"Department of Mental Health and Addiction Services","=""3370015""","Black or African American","N/A","*"
"Department of Mental Health and Addiction Services","=""3370015""","Hispanic/Latino of any race","N/A","*"
"Department of Mental Health and Addiction Services","=""3370015""","White","N/A","*"
"Derby School District","=""0370011""","American Indian or Alaska Native","N/A","*"
"Derby School District","=""0370011""","Asian","N/A","N/A"
"Derby School District","=""0370011""","Black or African American",46,21.1
"Derby School District","=""0370011""","Hispanic/Latino of any race",25,6.9
"Derby School District","=""0370011""","Native Hawaiian or Other Pacific Islander","*","*"
"Derby School District","=""0370011""","Two or More Races","*","*"
"Derby School District","=""0370011""","White",48,5.8
"East Granby School District","=""0400011""","American Indian or Alaska Native","N/A","*"
"East Granby School District","=""0400011""","Asian","N/A","N/A"
"East Granby School District","=""0400011""","Black or African American","*","*"
"East Granby School District","=""0400011""","Hispanic/Latino of any race","*","*"
"East Granby School District","=""0400011""","Two or More Races","*","*"
"East Granby School District","=""0400011""","White",19,2.6
"East Haddam School District","=""0410011""","Asian","N/A","*"
"East Haddam School District","=""0410011""","Black or African American","N/A","*"
"East Haddam School District","=""0410011""","Hispanic/Latino of any race","*","*"
"East Haddam School District","=""0410011""","Two or More Races","N/A","*"
"East Haddam School District","=""0410011""","White","*","*"
"East Hampton School District","=""0420011""","American Indian or Alaska Native","N/A","*"
"East Hampton School District","=""0420011""","Asian","*","*"
"East Hampton School District","=""0420011""","Black or African American","*","*"
"East Hampton School District","=""0420011""","Hispanic/Latino of any race",6,7.2
"East Hampton School District","=""0420011""","Native Hawaiian or Other Pacific Islander","N/A","*"
"East Hampton School District","=""0420011""","Two or More Races","N/A","N/A"
"East Hampton School District","=""0420011""","White",65,3.6
"East Hartford School District","=""0430011""","American Indian or Alaska Native","*","*"
"East Hartford School District","=""0430011""","Asian",20,5.4
"East Hartford School District","=""0430011""","Black or African American",702,28.0
"East Hartford School District","=""0430011""","Hispanic/Latino of any race",639,21.1
"East Hartford School District","=""0430011""","Native Hawaiian or Other Pacific Islander","N/A","*"
"East Hartford School District","=""0430011""","Two or More Races","*","*"
"East Hartford School District","=""0430011""","White",205,16.0
"East Haven School District","=""0440011""","American Indian or Alaska Native","N/A","*"
"East Haven School District","=""0440011""","Asian","*","*"
"East Haven School District","=""0440011""","Black or African American",16,13.3
"East Haven School District","=""0440011""","Hispanic/Latino of any race",93,15.0
"East Haven School District","=""0440011""","Native Hawaiian or Other Pacific Islander","N/A","*"
"East Haven School District","=""0440011""","Two or More Races","*","*"
"East Haven School District","=""0440011""","White",258,10.8
"East Lyme School District","=""0450011""","American Indian or Alaska Native","N/A","*"
"East Lyme School District","=""0450011""","Asian","*","*"
"East Lyme School District","=""0450011""","Black or African American","*","*"
"East Lyme School District","=""0450011""","Hispanic/Latino of any race",7,5.6
"East Lyme School District","=""0450011""","Native Hawaiian or Other Pacific Islander","N/A","*"
"East Lyme School District","=""0450011""","Two or More Races","*","*"
"East Lyme School District","=""0450011""","White",96,3.9
"East Windsor School District","=""0470011""","American Indian or Alaska Native","N/A","*"
"East Windsor School District","=""0470011""","Asian","*","*"
"East Windsor School District","=""0470011""","Black or African American",32,20.3
"East Windsor School District","=""0470011""","Hispanic/Latino of any race",25,16.4
"East Windsor School District","=""0470011""","Native Hawaiian or Other Pacific Islander","N/A","N/A"
"East Windsor School District","=""0470011""","Two or More Races","*","*"
"East Windsor School District","=""0470011""","White",100,11.4
"Eastern Connecticut Regional Educational Service Center (EASTCONN)","=""2530014""","American Indian or Alaska Native","N/A","*"
"Eastern Connecticut Regional Educational Service Center (EASTCONN)","=""2530014""","Asian","N/A","*"
"Eastern Connecticut Regional Educational Service Center (EASTCONN)","=""2530014""","Black or African American","*","*"
"Eastern Connecticut Regional Educational Service Center (EASTCONN)","=""2530014""","Hispanic/Latino of any race","*","*"
"Eastern Connecticut Regional Educational Service Center (EASTCONN)","=""2530014""","Two or More Races","N/A","*"
"Eastern Connecticut Regional Educational Service Center (EASTCONN)","=""2530014""","White",21,8.5
"Eastford School District","=""0390011""","American Indian or Alaska Native","N/A","*"
"Eastford School District","=""0390011""","Asian","N/A","*"
"Eastford School District","=""0390011""","Black or African American","N/A","*"
"Eastford School District","=""0390011""","Hispanic/Latino of any race","N/A","*"
"Eastford School District","=""0390011""","Two or More Races","N/A","*"
"Eastford School District","=""0390011""","White",6,3.6
"Easton School District","=""0460011""","American Indian or Alaska Native","N/A","*"
"Easton School District","=""0460011""","Asian","N/A","N/A"
"Easton School District","=""0460011""","Black or African American","*","*"
"Easton School District","=""0460011""","Hispanic/Latino of any race","N/A","N/A"
"Easton School District","=""0460011""","Native Hawaiian or Other Pacific Islander","N/A","N/A"
"Easton School District","=""0460011""","Two or More Races","N/A","*"
"Easton School District","=""0460011""","White","*","*"
"EdAdvance","=""2420014""","Native Hawaiian or Other Pacific Islander","N/A","*"
"EdAdvance","=""2420014""","Two or More Races","N/A","*"
"Education Connection","=""2420014""","American Indian or Alaska Native","N/A","*"
"Education Connection","=""2420014""","Black or African American","N/A","*"
"Education Connection","=""2420014""","Hispanic/Latino of any race","N/A","N/A"
"Education Connection","=""2420014""","White","N/A","N/A"
"Ellington School District","=""0480011""","American Indian or Alaska Native","N/A","*"
"Ellington School District","=""0480011""","Asian","*","*"
"Ellington School District","=""0480011""","Black or African American",18,20.5
"Ellington School District","=""0480011""","Hispanic/Latino of any race",18,15.4
"Ellington School District","=""0480011""","Two or More Races","*","*"
"Ellington School District","=""0480011""","White",106,4.6
"Elm City College Preparatory School District","=""2890013""","American Indian or Alaska Native","*","*"
"Elm City College Preparatory School District","=""2890013""","Asian","N/A","*"
"Elm City College Preparatory School District","=""2890013""","Black or African American",153,32.9
"Elm City College Preparatory School District","=""2890013""","Hispanic/Latino of any race",17,15.0
"Elm City College Preparatory School District","=""2890013""","Two or More Races","*","*"
"Elm City College Preparatory School District","=""2890013""","White","*","*"
"Enfield School District","=""0490011""","American Indian or Alaska Native","*","*"
"Enfield School District","=""0490011""","Asian","*","*"
"Enfield School District","=""0490011""","Black or African American",66,19.0
"Enfield School District","=""0490011""","Hispanic/Latino of any race",68,12.2
"Enfield School District","=""0490011""","Native Hawaiian or Other Pacific Islander","N/A","*"
"Enfield School District","=""0490011""","Two or More Races",21,8.3
"Enfield School District","=""0490011""","White",385,8.7
"Essex School District","=""0500011""","Asian","N/A","*"
"Essex School District","=""0500011""","Black or African American","N/A","*"
"Essex School District","=""0500011""","Hispanic/Latino of any race","N/A","*"
"Essex School District","=""0500011""","Two or More Races","N/A","*"
"Essex School District","=""0500011""","White","N/A","N/A"
"Explorations District","=""2720013""","Black or African American","*","*"
"Explorations District","=""2720013""","Hispanic/Latino of any race","N/A","*"
"Explorations District","=""2720013""","White","*","*"
"Fairfield School District","=""0510011""","American Indian or Alaska Native","N/A","N/A"
"Fairfield School District","=""0510011""","Asian",10,1.9
"Fairfield School District","=""0510011""","Black or African American",22,9.5
"Fairfield School District","=""0510011""","Hispanic/Latino of any race",41,4.7
"Fairfield School District","=""0510011""","Native Hawaiian or Other Pacific Islander","N/A","*"
"Fairfield School District","=""0510011""","Two or More Races",10,3.5
"Fairfield School District","=""0510011""","White",168,2.0
"Farmington School District","=""0520011""","American Indian or Alaska Native","N/A","*"
"Farmington School District","=""0520011""","Asian",7,1.2
"Farmington School District","=""0520011""","Black or African American",17,8.2
"Farmington School District","=""0520011""","Hispanic/Latino of any race",8,3.8
"Farmington School District","=""0520011""","Native Hawaiian or Other Pacific Islander","N/A","*"
"Farmington School District","=""0520011""","Two or More Races","N/A","*"
"Farmington School District","=""0520011""","White",48,1.5
"Franklin School District","=""0530011""","American Indian or Alaska Native","N/A","*"
"Franklin School District","=""0530011""","Asian","N/A","*"
"Franklin School District","=""0530011""","Black or African American","N/A","*"
"Franklin School District","=""0530011""","Hispanic/Latino of any race","*","*"
"Franklin School District","=""0530011""","Native Hawaiian or Other Pacific Islander","N/A","*"
"Franklin School District","=""0530011""","Two or More Races","N/A","*"
"Franklin School District","=""0530011""","White","*","*"
"Glastonbury School District","=""0540011""","American Indian or Alaska Native","N/A","*"
"Glastonbury School District","=""0540011""","Asian","*","*"
"Glastonbury School District","=""0540011""","Black or African American",8,4.1
"Glastonbury School District","=""0540011""","Hispanic/Latino of any race",14,3.0
"Glastonbury School District","=""0540011""","Native Hawaiian or Other Pacific Islander","N/A","*"
"Glastonbury School District","=""0540011""","Two or More Races","*","*"
"Glastonbury School District","=""0540011""","White",106,2.0
"Granby School District","=""0560011""","American Indian or Alaska Native","N/A","*"
"Granby School District","=""0560011""","Asian","N/A","N/A"
"Granby School District","=""0560011""","Black or African American",6,7.3
"Granby School District","=""0560011""","Hispanic/Latino of any race","*","*"
"Granby School District","=""0560011""","Two or More Races","*","*"
"Granby School District","=""0560011""","White",41,2.1
"Greenwich School District","=""0570011""","American Indian or Alaska Native","N/A","*"
"Greenwich School District","=""0570011""","Asian","*","*"
"Greenwich School District","=""0570011""","Black or African American",19,7.2
"Greenwich School District","=""0570011""","Hispanic/Latino of any race",75,4.8
"Greenwich School District","=""0570011""","Native Hawaiian or Other Pacific Islander","N/A","*"
"Greenwich School District","=""0570011""","Two or More Races","*","*"
"Greenwich School District","=""0570011""","White",101,1.7
"Griswold School District","=""0580011""","American Indian or Alaska Native","*","*"
"Griswold School District","=""0580011""","Asian","*","*"
"Griswold School District","=""0580011""","Black or African American",9,14.5
"Griswold School District","=""0580011""","Hispanic/Latino of any race",21,20.4
"Griswold School District","=""0580011""","Native Hawaiian or Other Pacific Islander","N/A","*"
"Griswold School District","=""0580011""","Two or More Races","*","*"
"Griswold School District","=""0580011""","White",202,11.8
"Groton School District","=""0590011""","American Indian or Alaska Native",16,21.3
"Groton School District","=""0590011""","Asian",11,3.5
"Groton School District","=""0590011""","Black or African American",102,18.6
"Groton School District","=""0590011""","Hispanic/Latino of any race",87,11.0
"Groton School District","=""0590011""","Native Hawaiian or Other Pacific Islander","N/A","*"
"Groton School District","=""0590011""","Two or More Races",31,12.1
"Groton School District","=""0590011""","White",172,5.8
"Guilford School District","=""0600011""","American Indian or Alaska Native","N/A","*"
"Guilford School District","=""0600011""","Asian","N/A","N/A"
"Guilford School District","=""0600011""","Black or African American","*","*"
"Guilford School District","=""0600011""","Hispanic/Latino of any race",12,5.7
"Guilford School District","=""0600011""","Native Hawaiian or Other Pacific Islander","N/A","*"
"Guilford School District","=""0600011""","Two or More Races","*","*"
"Guilford School District","=""0600011""","White",94,2.9
"Hamden School District","=""0620011""","American Indian or Alaska Native","N/A","*"
"Hamden School District","=""0620011""","Asian","*","*"
"Hamden School District","=""0620011""","Black or African American",370,20.0
"Hamden School District","=""0620011""","Hispanic/Latino of any race",92,9.7
"Hamden School District","=""0620011""","Native Hawaiian or Other Pacific Islander","*","*"
"Hamden School District","=""0620011""","Two or More Races",17,10.3
"Hamden School District","=""0620011""","White",164,6.4
"Hampton School District","=""0630011""","Hispanic/Latino of any race","N/A","*"
"Hampton School District","=""0630011""","Two or More Races","N/A","*"
"Hampton School District","=""0630011""","White","*","*"
"Hartford School District","=""0640011""","American Indian or Alaska Native","*","*"
"Hartford School District","=""0640011""","Asian",20,3.7
"Hartford School District","=""0640011""","Black or African American",1596,22.5
"Hartford School District","=""0640011""","Hispanic/Latino of any race",1904,17.2
"Hartford School District","=""0640011""","Native Hawaiian or Other Pacific Islander","*","*"
"Hartford School District","=""0640011""","Two or More Races",119,15.3
"Hartford School District","=""0640011""","White",147,7.5
"Hartland School District","=""0650011""","American Indian or Alaska Native","N/A","*"
"Hartland School District","=""0650011""","Asian","N/A","*"
"Hartland School District","=""0650011""","Black or African American","N/A","*"
"Hartland School District","=""0650011""","Hispanic/Latino of any race","N/A","*"
"Hartland School District","=""0650011""","Two or More Races","N/A","*"
"Hartland School District","=""0650011""","White","*","*"
"Hebron School District","=""0670011""","Asian","N/A","*"
"Hebron School District","=""0670011""","Black or African American","*","*"
"Hebron School District","=""0670011""","Hispanic/Latino of any race","N/A","N/A"
"Hebron School District","=""0670011""","Two or More Races","N/A","*"
"Hebron School District","=""0670011""","White","*","*"
"Highville Charter School District","=""2860013""","Asian","N/A","*"
"Highville Charter School District","=""2860013""","Black or African American",9,2.9
"Highville Charter School District","=""2860013""","Hispanic/Latino of any race","*","*"
"Highville Charter School District","=""2860013""","Two or More Races","N/A","*"
"Highville Charter School District","=""2860013""","White","*","*"
"Integrated Day Charter School District","=""2640013""","Asian","*","*"
"Integrated Day Charter School District","=""2640013""","Black or African American","*","*"
"Integrated Day Charter School District","=""2640013""","Hispanic/Latino of any race","*","*"
"Integrated Day Charter School District","=""2640013""","Two or More Races","*","*"
"Integrated Day Charter School District","=""2640013""","White",7,3.3
"Interdistrict School for Arts and Comm District","=""2650013""","American Indian or Alaska Native","N/A","N/A"
"Interdistrict School for Arts and Comm District","=""2650013""","Asian","N/A","*"
"Interdistrict School for Arts and Comm District","=""2650013""","Black or African American",13,36.1
"Interdistrict School for Arts and Comm District","=""2650013""","Hispanic/Latino of any race",28,32.6
"Interdistrict School for Arts and Comm District","=""2650013""","Two or More Races","*","*"
"Interdistrict School for Arts and Comm District","=""2650013""","White","*","*"
"Jumoke Academy District","=""2610013""","American Indian or Alaska Native","N/A","*"
"Jumoke Academy District","=""2610013""","Black or African American",17,3.7
"Jumoke Academy District","=""2610013""","Hispanic/Latino of any race","*","*"
"Jumoke Academy District","=""2610013""","Native Hawaiian or Other Pacific Islander","*","*"
"Jumoke Academy District","=""2610013""","Two or More Races","N/A","*"
"Jumoke Academy District","=""2610013""","White","N/A","*"
"Kent School District","=""0680011""","Asian","N/A","*"
"Kent School District","=""0680011""","Black or African American","N/A","*"
"Kent School District","=""0680011""","Hispanic/Latino of any race","N/A","N/A"
"Kent School District","=""0680011""","Two or More Races","N/A","*"
"Kent School District","=""0680011""","White","N/A","N/A"
"Killingly School District","=""0690011""","American Indian or Alaska Native","*","*"
"Killingly School District","=""0690011""","Asian","*","*"
"Killingly School District","=""0690011""","Black or African American",6,10.7
"Killingly School District","=""0690011""","Hispanic/Latino of any race",14,14.3
"Killingly School District","=""0690011""","Native Hawaiian or Other Pacific Islander","N/A","*"
"Killingly School District","=""0690011""","Two or More Races",6,4.1
"Killingly School District","=""0690011""","White",166,7.2
"Learn","=""2450014""","American Indian or Alaska Native","N/A","*"
"Learn","=""2450014""","Asian","N/A","N/A"
"Learn","=""2450014""","Black or African American",36,17.5
"Learn","=""2450014""","Hispanic/Latino of any race",22,4.7
"Learn","=""2450014""","Native Hawaiian or Other Pacific Islander","N/A","*"
"Learn","=""2450014""","Two or More Races",6,5.1
"Learn","=""2450014""","White",21,3.3
"Lebanon School District","=""0710011""","American Indian or Alaska Native","*","*"
"Lebanon School District","=""0710011""","Asian","N/A","N/A"
"Lebanon School District","=""0710011""","Black or African American","*","*"
"Lebanon School District","=""0710011""","Hispanic/Latino of any race",8,14.3
"Lebanon School District","=""0710011""","Native Hawaiian or Other Pacific Islander","N/A","*"
"Lebanon School District","=""0710011""","Two or More Races","*","*"
"Lebanon School District","=""0710011""","White",57,4.8
"Ledyard School District","=""0720011""","American Indian or Alaska Native",17,14.3
"Ledyard School District","=""0720011""","Asian","*","*"
"Ledyard School District","=""0720011""","Black or African American",10,6.1
"Ledyard School District","=""0720011""","Hispanic/Latino of any race",12,5.6
"Ledyard School District","=""0720011""","Native Hawaiian or Other Pacific Islander","N/A","*"
"Ledyard School District","=""0720011""","Two or More Races","*","*"
"Ledyard School District","=""0720011""","White",87,4.5
"Lisbon School District","=""0730011""","American Indian or Alaska Native","N/A","*"
"Lisbon School District","=""0730011""","Asian","N/A","*"
"Lisbon School District","=""0730011""","Black or African American","N/A","*"
"Lisbon School District","=""0730011""","Hispanic/Latino of any race","*","*"
"Lisbon School District","=""0730011""","Native Hawaiian or Other Pacific Islander","N/A","*"
"Lisbon School District","=""0730011""","Two or More Races","*","*"
"Lisbon School District","=""0730011""","White",16,3.7
"Litchfield School District","=""0740011""","American Indian or Alaska Native","N/A","N/A"
"Litchfield School District","=""0740011""","Asian","N/A","*"
"Litchfield School District","=""0740011""","Black or African American","*","*"
"Litchfield School District","=""0740011""","Hispanic/Latino of any race","*","*"
"Litchfield School District","=""0740011""","Native Hawaiian or Other Pacific Islander","N/A","*"
"Litchfield School District","=""0740011""","Two or More Races","*","*"
"Litchfield School District","=""0740011""","White",61,5.9
"Madison School District","=""0760011""","American Indian or Alaska Native","N/A","*"
"Madison School District","=""0760011""","Asian","*","*"
"Madison School District","=""0760011""","Black or African American","N/A","N/A"
"Madison School District","=""0760011""","Hispanic/Latino of any race","*","*"
"Madison School District","=""0760011""","Native Hawaiian or Other Pacific Islander","N/A","*"
"Madison School District","=""0760011""","Two or More Races","*","*"
"Madison School District","=""0760011""","White",74,2.3
"Manchester School District","=""0770011""","American Indian or Alaska Native",8,28.6
"Manchester School District","=""0770011""","Asian",8,1.7
"Manchester School District","=""0770011""","Black or African American",222,15.9
"Manchester School District","=""0770011""","Hispanic/Latino of any race",223,14.6
"Manchester School District","=""0770011""","Native Hawaiian or Other Pacific Islander","N/A","*"
"Manchester School District","=""0770011""","Two or More Races",23,8.8
"Manchester School District","=""0770011""","White",181,6.7
"Mansfield School District","=""0780011""","Asian","N/A","N/A"
"Mansfield School District","=""0780011""","Black or African American","*","*"
"Mansfield School District","=""0780011""","Hispanic/Latino of any race","*","*"
"Mansfield School District","=""0780011""","Native Hawaiian or Other Pacific Islander","N/A","*"
"Mansfield School District","=""0780011""","Two or More Races","N/A","N/A"
"Mansfield School District","=""0780011""","White",14,1.4
"Marlborough School District","=""0790011""","American Indian or Alaska Native","N/A","*"
"Marlborough School District","=""0790011""","Asian","N/A","N/A"
"Marlborough School District","=""0790011""","Black or African American","N/A","*"
"Marlborough School District","=""0790011""","Hispanic/Latino of any race","N/A","N/A"
"Marlborough School District","=""0790011""","Two or More Races","N/A","*"
"Marlborough School District","=""0790011""","White","*","*"
"Meriden School District","=""0800011""","American Indian or Alaska Native","*","*"
"Meriden School District","=""0800011""","Asian",14,6.3
"Meriden School District","=""0800011""","Black or African American",256,25.2
"Meriden School District","=""0800011""","Hispanic/Latino of any race",784,19.8
"Meriden School District","=""0800011""","Native Hawaiian or Other Pacific Islander","*","*"
"Meriden School District","=""0800011""","Two or More Races",27,17.3
"Meriden School District","=""0800011""","White",279,9.5
"Middletown School District","=""0830011""","American Indian or Alaska Native","N/A","*"
"Middletown School District","=""0830011""","Asian","*","*"
"Middletown School District","=""0830011""","Black or African American",149,13.8
"Middletown School District","=""0830011""","Hispanic/Latino of any race",97,12.2
"Middletown School District","=""0830011""","Native Hawaiian or Other Pacific Islander","*","*"
"Middletown School District","=""0830011""","Two or More Races",17,8.1
"Middletown School District","=""0830011""","White",124,4.5
"Milford School District","=""0840011""","American Indian or Alaska Native","N/A","*"
"Milford School District","=""0840011""","Asian","*","*"
"Milford School District","=""0840011""","Black or African American",45,13.6
"Milford School District","=""0840011""","Hispanic/Latino of any race",35,8.3
"Milford School District","=""0840011""","Native Hawaiian or Other Pacific Islander","N/A","*"
"Milford School District","=""0840011""","Two or More Races","*","*"
"Milford School District","=""0840011""","White",299,5.4
"Monroe School District","=""0850011""","American Indian or Alaska Native","N/A","*"
"Monroe School District","=""0850011""","Asian","N/A","N/A"
"Monroe School District","=""0850011""","Black or African American","*","*"
"Monroe School District","=""0850011""","Hispanic/Latino of any race","*","*"
"Monroe School District","=""0850011""","Two or More Races","N/A","N/A"
"Monroe School District","=""0850011""","White",46,1.5
"Montville School District","=""0860011""","American Indian or Alaska Native","*","*"
"Montville School District","=""0860011""","Asian","*","*"
"Montville School District","=""0860011""","Black or African American",25,25.0
"Montville School District","=""0860011""","Hispanic/Latino of any race",35,17.0
"Montville School District","=""0860011""","Native Hawaiian or Other Pacific Islander","N/A","*"
"Montville School District","=""0860011""","Two or More Races",26,12.6
"Montville School District","=""0860011""","White",181,10.1
"Naugatuck School District","=""0880011""","American Indian or Alaska Native","*","*"
"Naugatuck School District","=""0880011""","Asian","*","*"
"Naugatuck School District","=""0880011""","Black or African American",64,19.6
"Naugatuck School District","=""0880011""","Hispanic/Latino of any race",103,12.4
"Naugatuck School District","=""0880011""","Native Hawaiian or Other Pacific Islander","N/A","*"
"Naugatuck School District","=""0880011""","Two or More Races",17,8.9
"Naugatuck School District","=""0880011""","White",293,9.6
"New Beginnings Inc Family Academy District","=""2800013""","Two or More Races","N/A","*"
"New Beginnings Inc., Family Academy District","=""2800013""","Black or African American",37,15.2
"New Beginnings Inc., Family Academy District","=""2800013""","Hispanic/Latino of any race","*","*"
"New Beginnings Inc., Family Academy District","=""2800013""","White","*","*"
"New Britain School District","=""0890011""","American Indian or Alaska Native","*","*"
"New Britain School District","=""0890011""","Asian",20,7.9
"New Britain School District","=""0890011""","Black or African American",383,24.6
"New Britain School District","=""0890011""","Hispanic/Latino of any race",1212,19.7
"New Britain School District","=""0890011""","Native Hawaiian or Other Pacific Islander","*","*"
"New Britain School District","=""0890011""","Two or More Races",22,12.1
"New Britain School District","=""0890011""","White",233,10.7
"New Canaan School District","=""0900011""","American Indian or Alaska Native","N/A","*"
"New Canaan School District","=""0900011""","Asian","*","*"
"New Canaan School District","=""0900011""","Black or African American","*","*"
"New Canaan School District","=""0900011""","Hispanic/Latino of any race","*","*"
"New Canaan School District","=""0900011""","Native Hawaiian or Other Pacific Islander","N/A","*"
"New Canaan School District","=""0900011""","Two or More Races","N/A","N/A"
"New Canaan School District","=""0900011""","White",34,0.9
"New Fairfield School District","=""0910011""","American Indian or Alaska Native","N/A","*"
"New Fairfield School District","=""0910011""","Asian","*","*"
"New Fairfield School District","=""0910011""","Black or African American","*","*"
"New Fairfield School District","=""0910011""","Hispanic/Latino of any race",11,5.9
"New Fairfield School District","=""0910011""","Two or More Races","*","*"
"New Fairfield School District","=""0910011""","White",102,4.0
"New Hartford School District","=""0920011""","Asian","N/A","*"
"New Hartford School District","=""0920011""","Black or African American","N/A","*"
"New Hartford School District","=""0920011""","Hispanic/Latino of any race","N/A","*"
"New Hartford School District","=""0920011""","Two or More Races","N/A","*"
"New Hartford School District","=""0920011""","White","*","*"
"New Haven School District","=""0930011""","American Indian or Alaska Native","*","*"
"New Haven School District","=""0930011""","Asian","*","*"
"New Haven School District","=""0930011""","Black or African American",1393,15.2
"New Haven School District","=""0930011""","Hispanic/Latino of any race",678,8.6
"New Haven School District","=""0930011""","Native Hawaiian or Other Pacific Islander","N/A","*"
"New Haven School District","=""0930011""","Two or More Races",14,12.7
"New Haven School District","=""0930011""","White",127,4.1
"New London School District","=""0950011""","American Indian or Alaska Native",10,31.3
"New London School District","=""0950011""","Asian","*","*"
"New London School District","=""0950011""","Black or African American",211,26.7
"New London School District","=""0950011""","Hispanic/Latino of any race",243,16.2
"New London School District","=""0950011""","Native Hawaiian or Other Pacific Islander","*","*"
"New London School District","=""0950011""","Two or More Races",18,12.2
"New London School District","=""0950011""","White",73,15.0
"New Milford School District","=""0960011""","American Indian or Alaska Native","N/A","*"
"New Milford School District","=""0960011""","Asian","*","*"
"New Milford School District","=""0960011""","Black or African American",12,14.5
"New Milford School District","=""0960011""","Hispanic/Latino of any race",23,5.4
"New Milford School District","=""0960011""","Two or More Races","*","*"
"New Milford School District","=""0960011""","White",188,4.8
"Newington School District","=""0940011""","American Indian or Alaska Native","*","*"
"Newington School District","=""0940011""","Asian",9,2.3
"Newington School District","=""0940011""","Black or African American",41,17.5
"Newington School District","=""0940011""","Hispanic/Latino of any race",71,10.6
"Newington School District","=""0940011""","Two or More Races","*","*"
"Newington School District","=""0940011""","White",156,5.3
"Newtown School District","=""0970011""","American Indian or Alaska Native","N/A","*"
"Newtown School District","=""0970011""","Asian","*","*"
"Newtown School District","=""0970011""","Black or African American","*","*"
"Newtown School District","=""0970011""","Hispanic/Latino of any race",12,5.0
"Newtown School District","=""0970011""","Native Hawaiian or Other Pacific Islander","N/A","*"
"Newtown School District","=""0970011""","Two or More Races","*","*"
"Newtown School District","=""0970011""","White",93,2.0
"Norfolk School District","=""0980011""","Asian","N/A","*"
"Norfolk School District","=""0980011""","Black or African American","N/A","N/A"
"Norfolk School District","=""0980011""","Hispanic/Latino of any race","N/A","*"
"Norfolk School District","=""0980011""","Two or More Races","N/A","N/A"
"Norfolk School District","=""0980011""","White","N/A","N/A"
"North Branford School District","=""0990011""","American Indian or Alaska Native","N/A","*"
"North Branford School District","=""0990011""","Asian","*","*"
"North Branford School District","=""0990011""","Black or African American","*","*"
"North Branford School District","=""0990011""","Hispanic/Latino of any race",10,10.4
"North Branford School District","=""0990011""","Two or More Races","*","*"
"North Branford School District","=""0990011""","White",127,6.4
"North Canaan School District","=""1000011""","American Indian or Alaska Native","N/A","*"
"North Canaan School District","=""1000011""","Asian","N/A","*"
"North Canaan School District","=""1000011""","Black or African American","N/A","*"
"North Canaan School District","=""1000011""","Hispanic/Latino of any race","N/A","N/A"
"North Canaan School District","=""1000011""","Two or More Races","N/A","*"
"North Canaan School District","=""1000011""","White","*","*"
"North Haven School District","=""1010011""","American Indian or Alaska Native","N/A","*"
"North Haven School District","=""1010011""","Asian","*","*"
"North Haven School District","=""1010011""","Black or African American",15,11.5
"North Haven School District","=""1010011""","Hispanic/Latino of any race",13,5.6
"North Haven School District","=""1010011""","Native Hawaiian or Other Pacific Islander","N/A","*"
"North Haven School District","=""1010011""","Two or More Races","*","*"
"North Haven School District","=""1010011""","White",65,2.2
"North Stonington School District","=""1020011""","American Indian or Alaska Native","N/A","*"
"North Stonington School District","=""1020011""","Asian","*","*"
"North Stonington School District","=""1020011""","Black or African American","*","*"
"North Stonington School District","=""1020011""","Hispanic/Latino of any race","*","*"
"North Stonington School District","=""1020011""","Two or More Races","*","*"
"North Stonington School District","=""1020011""","White",46,6.5
"Norwalk School District","=""1030011""","American Indian or Alaska Native","*","*"
"Norwalk School District","=""1030011""","Asian",11,2.0
"Norwalk School District","=""1030011""","Black or African American",401,17.2
"Norwalk School District","=""1030011""","Hispanic/Latino of any race",382,9.3
"Norwalk School District","=""1030011""","Native Hawaiian or Other Pacific Islander","N/A","*"
"Norwalk School District","=""1030011""","Two or More Races","*","*"
"Norwalk School District","=""1030011""","White",204,5.0
"Norwich Free Academy District","=""9010022""","American Indian or Alaska Native",10,19.6
"Norwich Free Academy District","=""9010022""","Asian",8,6.8
"Norwich Free Academy District","=""9010022""","Black or African American",63,26.0
"Norwich Free Academy District","=""9010022""","Hispanic/Latino of any race",91,29.4
"Norwich Free Academy District","=""9010022""","Native Hawaiian or Other Pacific Islander",6,11.3
"Norwich Free Academy District","=""9010022""","Two or More Races",17,12.6
"Norwich Free Academy District","=""9010022""","White",144,10.3
"Norwich School District","=""1040011""","American Indian or Alaska Native",12,27.9
"Norwich School District","=""1040011""","Asian","*","*"
"Norwich School District","=""1040011""","Black or African American",92,12.8
"Norwich School District","=""1040011""","Hispanic/Latino of any race",122,12.2
"Norwich School District","=""1040011""","Native Hawaiian or Other Pacific Islander","*","*"
"Norwich School District","=""1040011""","Two or More Races",30,9.6
"Norwich School District","=""1040011""","White",146,9.2
"Odyssey Community School District","=""2630013""","American Indian or Alaska Native","N/A","*"
"Odyssey Community School District","=""2630013""","Asian","N/A","N/A"
"Odyssey Community School District","=""2630013""","Black or African American","*","*"
"Odyssey Community School District","=""2630013""","Hispanic/Latino of any race","*","*"
"Odyssey Community School District","=""2630013""","Native Hawaiian or Other Pacific Islander","N/A","N/A"
"Odyssey Community School District","=""2630013""","Two or More Races","N/A","*"
"Odyssey Community School District","=""2630013""","White",8,5.2
"Old Saybrook School District","=""1060011""","American Indian or Alaska Native","N/A","*"
"Old Saybrook School District","=""1060011""","Asian","*","*"
"Old Saybrook School District","=""1060011""","Black or African American","*","*"
"Old Saybrook School District","=""1060011""","Hispanic/Latino of any race","*","*"
"Old Saybrook School District","=""1060011""","Native Hawaiian or Other Pacific Islander","N/A","*"
"Old Saybrook School District","=""1060011""","Two or More Races","*","*"
"Old Saybrook School District","=""1060011""","White",36,2.7
"Orange School District","=""1070011""","American Indian or Alaska Native","N/A","*"
"Orange School District","=""1070011""","Asian","*","*"
"Orange School District","=""1070011""","Black or African American","N/A","N/A"
"Orange School District","=""1070011""","Hispanic/Latino of any race","N/A","N/A"
"Orange School District","=""1070011""","Two or More Races","N/A","*"
"Orange School District","=""1070011""","White","*","*"
"Oxford School District","=""1080011""","American Indian or Alaska Native","N/A","*"
"Oxford School District","=""1080011""","Asian","N/A","N/A"
"Oxford School District","=""1080011""","Black or African American","*","*"
"Oxford School District","=""1080011""","Hispanic/Latino of any race","*","*"
"Oxford School District","=""1080011""","Two or More Races","*","*"
"Oxford School District","=""1080011""","White",48,2.5
"Park City Prep Charter School District","=""2830013""","Asian","N/A","*"
"Park City Prep Charter School District","=""2830013""","Black or African American",40,27.2
"Park City Prep Charter School District","=""2830013""","Hispanic/Latino of any race",12,16.0
"Park City Prep Charter School District","=""2830013""","Two or More Races","*","*"
"Park City Prep Charter School District","=""2830013""","White","*","*"
"Plainfield School District","=""1090011""","American Indian or Alaska Native","*","*"
"Plainfield School District","=""1090011""","Asian","*","*"
"Plainfield School District","=""1090011""","Black or African American",13,12.7
"Plainfield School District","=""1090011""","Hispanic/Latino of any race",8,14.3
"Plainfield School District","=""1090011""","Native Hawaiian or Other Pacific Islander","N/A","*"
"Plainfield School District","=""1090011""","Two or More Races",6,28.6
"Plainfield School District","=""1090011""","White",240,10.4
"Plainville School District","=""1100011""","American Indian or Alaska Native","N/A","*"
"Plainville School District","=""1100011""","Asian","*","*"
"Plainville School District","=""1100011""","Black or African American",10,9.1
"Plainville School District","=""1100011""","Hispanic/Latino of any race",22,7.1
"Plainville School District","=""1100011""","Native Hawaiian or Other Pacific Islander","N/A","*"
"Plainville School District","=""1100011""","Two or More Races","*","*"
"Plainville School District","=""1100011""","White",81,4.3
"Plymouth School District","=""1110011""","American Indian or Alaska Native","*","*"
"Plymouth School District","=""1110011""","Asian","N/A","N/A"
"Plymouth School District","=""1110011""","Black or African American","*","*"
"Plymouth School District","=""1110011""","Hispanic/Latino of any race","*","*"
"Plymouth School District","=""1110011""","Native Hawaiian or Other Pacific Islander","N/A","N/A"
"Plymouth School District","=""1110011""","Two or More Races","N/A","N/A"
"Plymouth School District","=""1110011""","White",70,4.6
"Pomfret School District","=""1120011""","American Indian or Alaska Native","N/A","*"
"Pomfret School District","=""1120011""","Asian","N/A","*"
"Pomfret School District","=""1120011""","Black or African American","N/A","*"
"Pomfret School District","=""1120011""","Hispanic/Latino of any race","N/A","*"
"Pomfret School District","=""1120011""","Two or More Races","N/A","*"
"Pomfret School District","=""1120011""","White",6,1.3
"Portland School District","=""1130011""","American Indian or Alaska Native","N/A","*"
"Portland School District","=""1130011""","Asian","N/A","N/A"
"Portland School District","=""1130011""","Black or African American","*","*"
"Portland School District","=""1130011""","Hispanic/Latino of any race","*","*"
"Portland School District","=""1130011""","Native Hawaiian or Other Pacific Islander","N/A","*"
"Portland School District","=""1130011""","Two or More Races","*","*"
"Portland School District","=""1130011""","White",39,3.3
"Preston School District","=""1140011""","American Indian or Alaska Native","N/A","*"
"Preston School District","=""1140011""","Asian","N/A","*"
"Preston School District","=""1140011""","Black or African American","N/A","*"
"Preston School District","=""1140011""","Hispanic/Latino of any race","N/A","*"
"Preston School District","=""1140011""","Native Hawaiian or Other Pacific Islander","N/A","*"
"Preston School District","=""1140011""","Two or More Races","N/A","*"
"Preston School District","=""1140011""","White",9,2.5
"Putnam School District","=""1160011""","American Indian or Alaska Native","*","*"
"Putnam School District","=""1160011""","Asian","N/A","*"
"Putnam School District","=""1160011""","Black or African American","*","*"
"Putnam School District","=""1160011""","Hispanic/Latino of any race",9,11.3
"Putnam School District","=""1160011""","Native Hawaiian or Other Pacific Islander","N/A","*"
"Putnam School District","=""1160011""","Two or More Races",10,16.1
"Putnam School District","=""1160011""","White",98,8.8
"Redding School District","=""1170011""","American Indian or Alaska Native","N/A","*"
"Redding School District","=""1170011""","Asian","*","*"
"Redding School District","=""1170011""","Black or African American","N/A","*"
"Redding School District","=""1170011""","Hispanic/Latino of any race","*","*"
"Redding School District","=""1170011""","Native Hawaiian or Other Pacific Islander","N/A","*"
"Redding School District","=""1170011""","Two or More Races","N/A","N/A"
"Redding School District","=""1170011""","White",22,2.1
"Regional School District 01","=""2010012""","Asian","N/A","*"
"Regional School District 01","=""2010012""","Black or African American","N/A","*"
"Regional School District 01","=""2010012""","Hispanic/Latino of any race","*","*"
"Regional School District 01","=""2010012""","Two or More Races","N/A","*"
"Regional School District 01","=""2010012""","White","*","*"
"Regional School District 04","=""2040012""","American Indian or Alaska Native","N/A","*"
"Regional School District 04","=""2040012""","Asian","N/A","*"
"Regional School District 04","=""2040012""","Black or African American","*","*"
"Regional School District 04","=""2040012""","Hispanic/Latino of any race","*","*"
"Regional School District 04","=""2040012""","Two or More Races","N/A","*"
"Regional School District 04","=""2040012""","White",54,6.0
"Regional School District 05","=""2050012""","American Indian or Alaska Native","N/A","*"
"Regional School District 05","=""2050012""","Asian",8,3.1
"Regional School District 05","=""2050012""","Black or African American",7,10.4
"Regional School District 05","=""2050012""","Hispanic/Latino of any race","*","*"
"Regional School District 05","=""2050012""","Two or More Races","*","*"
"Regional School District 05","=""2050012""","White",113,5.6
"Regional School District 06","=""2060012""","American Indian or Alaska Native","N/A","*"
"Regional School District 06","=""2060012""","Asian","*","*"
"Regional School District 06","=""2060012""","Black or African American","N/A","*"
"Regional School District 06","=""2060012""","Hispanic/Latino of any race","*","*"
"Regional School District 06","=""2060012""","Native Hawaiian or Other Pacific Islander","*","*"
"Regional School District 06","=""2060012""","Two or More Races","*","*"
"Regional School District 06","=""2060012""","White",70,7.2
"Regional School District 07","=""2070012""","American Indian or Alaska Native","*","*"
"Regional School District 07","=""2070012""","Asian","N/A","*"
"Regional School District 07","=""2070012""","Black or African American","N/A","*"
"Regional School District 07","=""2070012""","Hispanic/Latino of any race","*","*"
"Regional School District 07","=""2070012""","Two or More Races","N/A","*"
"Regional School District 07","=""2070012""","White",67,6.1
"Regional School District 08","=""2080012""","American Indian or Alaska Native","*","*"
"Regional School District 08","=""2080012""","Asian","*","*"
"Regional School District 08","=""2080012""","Black or African American","*","*"
"Regional School District 08","=""2080012""","Hispanic/Latino of any race","*","*"
"Regional School District 08","=""2080012""","Two or More Races","N/A","*"
"Regional School District 08","=""2080012""","White",134,7.9
"Regional School District 09","=""2090012""","American Indian or Alaska Native","N/A","*"
"Regional School District 09","=""2090012""","Asian","N/A","N/A"
"Regional School District 09","=""2090012""","Black or African American","*","*"
"Regional School District 09","=""2090012""","Hispanic/Latino of any race","N/A","N/A"
"Regional School District 09","=""2090012""","Two or More Races","N/A","*"
"Regional School District 09","=""2090012""","White","*","*"
"Regional School District 10","=""2100012""","Asian","N/A","N/A"
"Regional School District 10","=""2100012""","Black or African American","N/A","*"
"Regional School District 10","=""2100012""","Hispanic/Latino of any race","*","*"
"Regional School District 10","=""2100012""","Native Hawaiian or Other Pacific Islander","N/A","*"
"Regional School District 10","=""2100012""","Two or More Races","N/A","*"
"Regional School District 10","=""2100012""","White","*","*"
"Regional School District 11","=""2110012""","American Indian or Alaska Native","*","*"
"Regional School District 11","=""2110012""","Asian","*","*"
"Regional School District 11","=""2110012""","Black or African American","N/A","*"
"Regional School District 11","=""2110012""","Hispanic/Latino of any race","*","*"
"Regional School District 11","=""2110012""","Two or More Races","*","*"
"Regional School District 11","=""2110012""","White",36,13.1
"Regional School District 12","=""2120012""","Asian","*","*"
"Regional School District 12","=""2120012""","Black or African American","*","*"
"Regional School District 12","=""2120012""","Hispanic/Latino of any race","*","*"
"Regional School District 12","=""2120012""","Native Hawaiian or Other Pacific Islander","N/A","*"
"Regional School District 12","=""2120012""","Two or More Races","N/A","*"
"Regional School District 12","=""2120012""","White",44,5.4
"Regional School District 13","=""2130012""","American Indian or Alaska Native","N/A","*"
"Regional School District 13","=""2130012""","Asian","N/A","N/A"
"Regional School District 13","=""2130012""","Black or African American","N/A","*"
"Regional School District 13","=""2130012""","Hispanic/Latino of any race","*","*"
"Regional School District 13","=""2130012""","Two or More Races","N/A","N/A"
"Regional School District 13","=""2130012""","White","*","*"
"Regional School District 14","=""2140012""","American Indian or Alaska Native","N/A","*"
"Regional School District 14","=""2140012""","Asian","N/A","N/A"
"Regional School District 14","=""2140012""","Black or African American","*","*"
"Regional School District 14","=""2140012""","Hispanic/Latino of any race","*","*"
"Regional School District 14","=""2140012""","Native Hawaiian or Other Pacific Islander","N/A","*"
"Regional School District 14","=""2140012""","Two or More Races","N/A","*"
"Regional School District 14","=""2140012""","White",67,3.5
"Regional School District 15","=""2150012""","American Indian or Alaska Native","N/A","*"
"Regional School District 15","=""2150012""","Asian","*","*"
"Regional School District 15","=""2150012""","Black or African American","*","*"
"Regional School District 15","=""2150012""","Hispanic/Latino of any race",8,4.1
"Regional School District 15","=""2150012""","Native Hawaiian or Other Pacific Islander","N/A","*"
"Regional School District 15","=""2150012""","Two or More Races","N/A","N/A"
"Regional School District 15","=""2150012""","White",128,3.4
"Regional School District 16","=""2160012""","American Indian or Alaska Native","N/A","*"
"Regional School District 16","=""2160012""","Asian","N/A","N/A"
"Regional School District 16","=""2160012""","Black or African American","*","*"
"Regional School District 16","=""2160012""","Hispanic/Latino of any race","*","*"
"Regional School District 16","=""2160012""","Two or More Races","N/A","*"
"Regional School District 16","=""2160012""","White",96,4.2
"Regional School District 17","=""2170012""","American Indian or Alaska Native","N/A","*"
"Regional School District 17","=""2170012""","Asian","*","*"
"Regional School District 17","=""2170012""","Black or African American","*","*"
"Regional School District 17","=""2170012""","Hispanic/Latino of any race","*","*"
"Regional School District 17","=""2170012""","Two or More Races","N/A","N/A"
"Regional School District 17","=""2170012""","White",102,4.5
"Regional School District 18","=""2180012""","American Indian or Alaska Native","N/A","*"
"Regional School District 18","=""2180012""","Asian","*","*"
"Regional School District 18","=""2180012""","Black or African American","N/A","*"
"Regional School District 18","=""2180012""","Hispanic/Latino of any race","*","*"
"Regional School District 18","=""2180012""","Native Hawaiian or Other Pacific Islander","N/A","N/A"
"Regional School District 18","=""2180012""","Two or More Races","*","*"
"Regional School District 18","=""2180012""","White",35,2.6
"Regional School District 19","=""2190012""","American Indian or Alaska Native","N/A","*"
"Regional School District 19","=""2190012""","Asian","*","*"
"Regional School District 19","=""2190012""","Black or African American","*","*"
"Regional School District 19","=""2190012""","Hispanic/Latino of any race",9,14.3
"Regional School District 19","=""2190012""","Native Hawaiian or Other Pacific Islander","N/A","*"
"Regional School District 19","=""2190012""","Two or More Races","N/A","*"
"Regional School District 19","=""2190012""","White",62,5.8
"Ridgefield School District","=""1180011""","American Indian or Alaska Native","*","*"
"Ridgefield School District","=""1180011""","Asian","*","*"
"Ridgefield School District","=""1180011""","Black or African American","*","*"
"Ridgefield School District","=""1180011""","Hispanic/Latino of any race","*","*"
"Ridgefield School District","=""1180011""","Native Hawaiian or Other Pacific Islander","N/A","*"
"Ridgefield School District","=""1180011""","Two or More Races","*","*"
"Ridgefield School District","=""1180011""","White",85,1.8
"Rocky Hill School District","=""1190011""","American Indian or Alaska Native","N/A","*"
"Rocky Hill School District","=""1190011""","Asian","*","*"
"Rocky Hill School District","=""1190011""","Black or African American",18,20.2
"Rocky Hill School District","=""1190011""","Hispanic/Latino of any race",13,6.9
"Rocky Hill School District","=""1190011""","Two or More Races","*","*"
"Rocky Hill School District","=""1190011""","White",86,4.6
"Salem School District","=""1210011""","American Indian or Alaska Native","N/A","*"
"Salem School District","=""1210011""","Asian","N/A","N/A"
"Salem School District","=""1210011""","Black or African American","*","*"
"Salem School District","=""1210011""","Hispanic/Latino of any race","*","*"
"Salem School District","=""1210011""","Native Hawaiian or Other Pacific Islander","N/A","*"
"Salem School District","=""1210011""","Two or More Races","N/A","*"
"Salem School District","=""1210011""","White",11,2.8
"Salisbury School District","=""1220011""","Asian","N/A","*"
"Salisbury School District","=""1220011""","Black or African American","*","*"
"Salisbury School District","=""1220011""","Hispanic/Latino of any race","*","*"
"Salisbury School District","=""1220011""","Two or More Races","N/A","N/A"
"Salisbury School District","=""1220011""","White",8,3.1
"Scotland School District","=""1230011""","Black or African American","N/A","*"
"Scotland School District","=""1230011""","Hispanic/Latino of any race","N/A","*"
"Scotland School District","=""1230011""","Two or More Races","N/A","*"
"Scotland School District","=""1230011""","White",6,4.7
"Seymour School District","=""1240011""","American Indian or Alaska Native","*","*"
"Seymour School District","=""1240011""","Asian","*","*"
"Seymour School District","=""1240011""","Black or African American",17,19.1
"Seymour School District","=""1240011""","Hispanic/Latino of any race",22,10.0
"Seymour School District","=""1240011""","Two or More Races","*","*"
"Seymour School District","=""1240011""","White",128,6.7
"Sharon School District","=""1250011""","American Indian or Alaska Native","N/A","N/A"
"Sharon School District","=""1250011""","Asian","N/A","*"
"Sharon School District","=""1250011""","Black or African American","N/A","*"
"Sharon School District","=""1250011""","Hispanic/Latino of any race","N/A","*"
"Sharon School District","=""1250011""","Two or More Races","N/A","*"
"Sharon School District","=""1250011""","White","*","*"
"Shelton School District","=""1260011""","American Indian or Alaska Native","*","*"
"Shelton School District","=""1260011""","Asian",8,2.7
"Shelton School District","=""1260011""","Black or African American",20,11.1
"Shelton School District","=""1260011""","Hispanic/Latino of any race",51,11.0
"Shelton School District","=""1260011""","Native Hawaiian or Other Pacific Islander","N/A","*"
"Shelton School District","=""1260011""","Two or More Races","*","*"
"Shelton School District","=""1260011""","White",254,5.9
"Sherman School District","=""1270011""","American Indian or Alaska Native","N/A","*"
"Sherman School District","=""1270011""","Asian","N/A","*"
"Sherman School District","=""1270011""","Black or African American","*","*"
"Sherman School District","=""1270011""","Hispanic/Latino of any race","N/A","*"
"Sherman School District","=""1270011""","Two or More Races","N/A","*"
"Sherman School District","=""1270011""","White","*","*"
"Side By Side Charter School District","=""2700013""","Asian","N/A","N/A"
"Side By Side Charter School District","=""2700013""","Black or African American","*","*"
"Side By Side Charter School District","=""2700013""","Hispanic/Latino of any race","N/A","N/A"
"Side By Side Charter School District","=""2700013""","Two or More Races","*","*"
"Side By Side Charter School District","=""2700013""","White","*","*"
"Simsbury School District","=""1280011""","Asian","*","*"
"Simsbury School District","=""1280011""","Black or African American",25,12.7
"Simsbury School District","=""1280011""","Hispanic/Latino of any race",8,3.4
"Simsbury School District","=""1280011""","Two or More Races","*","*"
"Simsbury School District","=""1280011""","White",87,2.2
"Somers School District","=""1290011""","American Indian or Alaska Native","N/A","*"
"Somers School District","=""1290011""","Asian","*","*"
"Somers School District","=""1290011""","Black or African American","*","*"
"Somers School District","=""1290011""","Hispanic/Latino of any race","*","*"
"Somers School District","=""1290011""","Native Hawaiian or Other Pacific Islander","N/A","*"
"Somers School District","=""1290011""","Two or More Races","*","*"
"Somers School District","=""1290011""","White",74,5.0
"South Windsor School District","=""1320011""","American Indian or Alaska Native","N/A","*"
"South Windsor School District","=""1320011""","Asian","*","*"
"South Windsor School District","=""1320011""","Black or African American",17,7.4
"South Windsor School District","=""1320011""","Hispanic/Latino of any race",20,6.2
"South Windsor School District","=""1320011""","Native Hawaiian or Other Pacific Islander","N/A","*"
"South Windsor School District","=""1320011""","Two or More Races","*","*"
"South Windsor School District","=""1320011""","White",113,3.4
"Southington School District","=""1310011""","American Indian or Alaska Native","N/A","*"
"Southington School District","=""1310011""","Asian","*","*"
"Southington School District","=""1310011""","Black or African American","*","*"
"Southington School District","=""1310011""","Hispanic/Latino of any race",24,7.0
"Southington School District","=""1310011""","Native Hawaiian or Other Pacific Islander","N/A","*"
"Southington School District","=""1310011""","Two or More Races",13,8.3
"Southington School District","=""1310011""","White",208,3.5
"Sprague School District","=""1330011""","American Indian or Alaska Native","N/A","*"
"Sprague School District","=""1330011""","Asian","N/A","*"
"Sprague School District","=""1330011""","Black or African American","N/A","*"
"Sprague School District","=""1330011""","Hispanic/Latino of any race","*","*"
"Sprague School District","=""1330011""","Two or More Races","*","*"
"Sprague School District","=""1330011""","White",17,5.8
"Stafford School District","=""1340011""","American Indian or Alaska Native","N/A","*"
"Stafford School District","=""1340011""","Asian","N/A","N/A"
"Stafford School District","=""1340011""","Black or African American","*","*"
"Stafford School District","=""1340011""","Hispanic/Latino of any race",8,10.4
"Stafford School District","=""1340011""","Native Hawaiian or Other Pacific Islander","N/A","N/A"
"Stafford School District","=""1340011""","Two or More Races","*","*"
"Stafford School District","=""1340011""","White",144,8.7
"Stamford Academy District","=""2820013""","Asian","N/A","*"
"Stamford Academy District","=""2820013""","Black or African American","*","*"
"Stamford Academy District","=""2820013""","Hispanic/Latino of any race","*","*"
"Stamford Academy District","=""2820013""","Two or More Races","N/A","*"
"Stamford Academy District","=""2820013""","White","N/A","*"
"Stamford School District","=""1350011""","American Indian or Alaska Native","*","*"
"Stamford School District","=""1350011""","Asian","*","*"
"Stamford School District","=""1350011""","Black or African American",247,7.7
"Stamford School District","=""1350011""","Hispanic/Latino of any race",228,4.2
"Stamford School District","=""1350011""","Native Hawaiian or Other Pacific Islander","N/A","*"
"Stamford School District","=""1350011""","Two or More Races",6,3.9
"Stamford School District","=""1350011""","White",125,2.2
"Sterling School District","=""1360011""","American Indian or Alaska Native","N/A","*"
"Sterling School District","=""1360011""","Asian","N/A","*"
"Sterling School District","=""1360011""","Black or African American","*","*"
"Sterling School District","=""1360011""","Hispanic/Latino of any race","*","*"
"Sterling School District","=""1360011""","Two or More Races","*","*"
"Sterling School District","=""1360011""","White",35,7.2
"Stonington School District","=""1370011""","American Indian or Alaska Native","N/A","*"
"Stonington School District","=""1370011""","Asian","*","*"
"Stonington School District","=""1370011""","Black or African American",13,23.6
"Stonington School District","=""1370011""","Hispanic/Latino of any race",6,7.6
"Stonington School District","=""1370011""","Two or More Races","*","*"
"Stonington School District","=""1370011""","White",162,7.4
"Stratford School District","=""1380011""","American Indian or Alaska Native","*","*"
"Stratford School District","=""1380011""","Asian","*","*"
"Stratford School District","=""1380011""","Black or African American",196,12.4
"Stratford School District","=""1380011""","Hispanic/Latino of any race",173,9.2
"Stratford School District","=""1380011""","Native Hawaiian or Other Pacific Islander","N/A","*"
"Stratford School District","=""1380011""","Two or More Races",12,7.1
"Stratford School District","=""1380011""","White",118,3.4
"Suffield School District","=""1390011""","American Indian or Alaska Native","N/A","*"
"Suffield School District","=""1390011""","Asian","*","*"
"Suffield School District","=""1390011""","Black or African American",16,19.0
"Suffield School District","=""1390011""","Hispanic/Latino of any race","*","*"
"Suffield School District","=""1390011""","Two or More Races","N/A","*"
"Suffield School District","=""1390011""","White",109,4.8
"The Bridge Academy District","=""2690013""","American Indian or Alaska Native","N/A","N/A"
"The Bridge Academy District","=""2690013""","Asian","N/A","*"
"The Bridge Academy District","=""2690013""","Black or African American",36,24.7
"The Bridge Academy District","=""2690013""","Hispanic/Latino of any race",26,27.1
"The Bridge Academy District","=""2690013""","Native Hawaiian or Other Pacific Islander","*","*"
"The Bridge Academy District","=""2690013""","Two or More Races","*","*"
"The Bridge Academy District","=""2690013""","White","*","*"
"The Gilbert School District","=""9020022""","American Indian or Alaska Native","N/A","N/A"
"The Gilbert School District","=""9020022""","Asian","*","*"
"The Gilbert School District","=""9020022""","Black or African American",6,"*"
"The Gilbert School District","=""9020022""","Hispanic/Latino of any race",15,25.0
"The Gilbert School District","=""9020022""","Two or More Races","*","*"
"The Gilbert School District","=""9020022""","White",83,19.2
"Thomaston School District","=""1400011""","American Indian or Alaska Native","*","*"
"Thomaston School District","=""1400011""","Asian","N/A","*"
"Thomaston School District","=""1400011""","Black or African American","*","*"
"Thomaston School District","=""1400011""","Hispanic/Latino of any race","*","*"
"Thomaston School District","=""1400011""","Two or More Races","*","*"
"Thomaston School District","=""1400011""","White",67,6.7
"Thompson School District","=""1410011""","American Indian or Alaska Native","N/A","*"
"Thompson School District","=""1410011""","Asian","N/A","*"
"Thompson School District","=""1410011""","Black or African American","*","*"
"Thompson School District","=""1410011""","Hispanic/Latino of any race","*","*"
"Thompson School District","=""1410011""","Two or More Races","*","*"
"Thompson School District","=""1410011""","White",90,7.9
"Tolland School District","=""1420011""","American Indian or Alaska Native","N/A","*"
"Tolland School District","=""1420011""","Asian","*","*"
"Tolland School District","=""1420011""","Black or African American","*","*"
"Tolland School District","=""1420011""","Hispanic/Latino of any race","*","*"
"Tolland School District","=""1420011""","Two or More Races","*","*"
"Tolland School District","=""1420011""","White",93,3.4
"Torrington School District","=""1430011""","American Indian or Alaska Native","*","*"
"Torrington School District","=""1430011""","Asian","*","*"
"Torrington School District","=""1430011""","Black or African American",37,18.2
"Torrington School District","=""1430011""","Hispanic/Latino of any race",101,12.1
"Torrington School District","=""1430011""","Native Hawaiian or Other Pacific Islander","N/A","*"
"Torrington School District","=""1430011""","Two or More Races",24,18.5
"Torrington School District","=""1430011""","White",326,10.1
"Trailblazers Academy District","=""2780013""","Asian","N/A","N/A"
"Trailblazers Academy District","=""2780013""","Black or African American","*","*"
"Trailblazers Academy District","=""2780013""","Hispanic/Latino of any race","*","*"
"Trailblazers Academy District","=""2780013""","Two or More Races","*","*"
"Trailblazers Academy District","=""2780013""","White","N/A","*"
"Trumbull School District","=""1440011""","American Indian or Alaska Native","N/A","*"
"Trumbull School District","=""1440011""","Asian","*","*"
"Trumbull School District","=""1440011""","Black or African American",18,6.1
"Trumbull School District","=""1440011""","Hispanic/Latino of any race","*","*"
"Trumbull School District","=""1440011""","Native Hawaiian or Other Pacific Islander","N/A","*"
"Trumbull School District","=""1440011""","Two or More Races","N/A","*"
"Trumbull School District","=""1440011""","White",88,1.5
"Unified School District #1","=""3360015""","American Indian or Alaska Native","N/A","*"
"Unified School District #1","=""3360015""","Black or African American","N/A","N/A"
"Unified School District #1","=""3360015""","Hispanic/Latino of any race","N/A","N/A"
"Unified School District #1","=""3360015""","Two or More Races","N/A","*"
"Unified School District #1","=""3360015""","White","N/A","N/A"
"Unified School District #2","=""3470015""","American Indian or Alaska Native","*","*"
"Unified School District #2","=""3470015""","Asian","N/A","*"
"Unified School District #2","=""3470015""","Black or African American",43,35.0
"Unified School District #2","=""3470015""","Hispanic/Latino of any race",21,25.9
"Unified School District #2","=""3470015""","Native Hawaiian or Other Pacific Islander","N/A","*"
"Unified School District #2","=""3470015""","Two or More Races","N/A","*"
"Unified School District #2","=""3470015""","White","*","*"
"Union School District","=""1450011""","Asian","N/A","*"
"Union School District","=""1450011""","Black or African American","N/A","*"
"Union School District","=""1450011""","Two or More Races","N/A","*"
"Union School District","=""1450011""","White","N/A","N/A"
"Vernon School District","=""1460011""","American Indian or Alaska Native","N/A","*"
"Vernon School District","=""1460011""","Asian",9,4.7
"Vernon School District","=""1460011""","Black or African American",91,20.0
"Vernon School District","=""1460011""","Hispanic/Latino of any race",47,10.7
"Vernon School District","=""1460011""","Two or More Races",8,11.6
"Vernon School District","=""1460011""","White",174,7.2
"Voluntown School District","=""1470011""","American Indian or Alaska Native","N/A","*"
"Voluntown School District","=""1470011""","Asian","*","*"
"Voluntown School District","=""1470011""","Black or African American","*","*"
"Voluntown School District","=""1470011""","Hispanic/Latino of any race","*","*"
"Voluntown School District","=""1470011""","Two or More Races","*","*"
"Voluntown School District","=""1470011""","White",6,2.1
"Wallingford School District","=""1480011""","American Indian or Alaska Native","*","*"
"Wallingford School District","=""1480011""","Asian",12,4.0
"Wallingford School District","=""1480011""","Black or African American",28,17.8
"Wallingford School District","=""1480011""","Hispanic/Latino of any race",94,10.4
"Wallingford School District","=""1480011""","Native Hawaiian or Other Pacific Islander","N/A","*"
"Wallingford School District","=""1480011""","Two or More Races","*","*"
"Wallingford School District","=""1480011""","White",273,5.4
"Waterbury School District","=""1510011""","American Indian or Alaska Native",13,16.5
"Waterbury School District","=""1510011""","Asian",20,6.0
"Waterbury School District","=""1510011""","Black or African American",1354,28.9
"Waterbury School District","=""1510011""","Hispanic/Latino of any race",1907,22.0
"Waterbury School District","=""1510011""","Native Hawaiian or Other Pacific Islander",9,"*"
"Waterbury School District","=""1510011""","Two or More Races",98,19.7
"Waterbury School District","=""1510011""","White",506,12.4
"Waterford School District","=""1520011""","American Indian or Alaska Native","*","*"
"Waterford School District","=""1520011""","Asian",7,4.5
"Waterford School District","=""1520011""","Black or African American",11,10.2
"Waterford School District","=""1520011""","Hispanic/Latino of any race",26,13.0
"Waterford School District","=""1520011""","Native Hawaiian or Other Pacific Islander","N/A","*"
"Waterford School District","=""1520011""","Two or More Races","*","*"
"Waterford School District","=""1520011""","White",123,5.6
"Watertown School District","=""1530011""","American Indian or Alaska Native","*","*"
"Watertown School District","=""1530011""","Asian","*","*"
"Watertown School District","=""1530011""","Black or African American",18,30.5
"Watertown School District","=""1530011""","Hispanic/Latino of any race",21,11.3
"Watertown School District","=""1530011""","Two or More Races",6,9.4
"Watertown School District","=""1530011""","White",207,7.6
"West Hartford School District","=""1550011""","American Indian or Alaska Native","N/A","N/A"
"West Hartford School District","=""1550011""","Asian",22,2.0
"West Hartford School District","=""1550011""","Black or African American",118,12.9
"West Hartford School District","=""1550011""","Hispanic/Latino of any race",161,10.3
"West Hartford School District","=""1550011""","Native Hawaiian or Other Pacific Islander","N/A","*"
"West Hartford School District","=""1550011""","Two or More Races",6,2.2
"West Hartford School District","=""1550011""","White",140,2.2
"West Haven School District","=""1560011""","American Indian or Alaska Native","*","*"
"West Haven School District","=""1560011""","Asian","*","*"
"West Haven School District","=""1560011""","Black or African American",232,17.1
"West Haven School District","=""1560011""","Hispanic/Latino of any race",206,10.9
"West Haven School District","=""1560011""","Native Hawaiian or Other Pacific Islander","N/A","*"
"West Haven School District","=""1560011""","Two or More Races",28,12.7
"West Haven School District","=""1560011""","White",258,10.3
"Westbrook School District","=""1540011""","American Indian or Alaska Native","N/A","*"
"Westbrook School District","=""1540011""","Asian","N/A","*"
"Westbrook School District","=""1540011""","Black or African American","*","*"
"Westbrook School District","=""1540011""","Hispanic/Latino of any race","*","*"
"Westbrook School District","=""1540011""","Two or More Races","N/A","*"
"Westbrook School District","=""1540011""","White",73,8.8
"Weston School District","=""1570011""","American Indian or Alaska Native","N/A","*"
"Weston School District","=""1570011""","Asian","*","*"
"Weston School District","=""1570011""","Black or African American","*","*"
"Weston School District","=""1570011""","Hispanic/Latino of any race","*","*"
"Weston School District","=""1570011""","Native Hawaiian or Other Pacific Islander","N/A","*"
"Weston School District","=""1570011""","Two or More Races","N/A","N/A"
"Weston School District","=""1570011""","White",29,1.3
"Westport School District","=""1580011""","American Indian or Alaska Native","N/A","*"
"Westport School District","=""1580011""","Asian","*","*"
"Westport School District","=""1580011""","Black or African American",6,6.7
"Westport School District","=""1580011""","Hispanic/Latino of any race",9,4.3
"Westport School District","=""1580011""","Two or More Races","*","*"
"Westport School District","=""1580011""","White",61,1.2
"Wethersfield School District","=""1590011""","American Indian or Alaska Native","N/A","*"
"Wethersfield School District","=""1590011""","Asian",8,4.5
"Wethersfield School District","=""1590011""","Black or African American",12,7.2
"Wethersfield School District","=""1590011""","Hispanic/Latino of any race",36,6.9
"Wethersfield School District","=""1590011""","Native Hawaiian or Other Pacific Islander","N/A","*"
"Wethersfield School District","=""1590011""","Two or More Races","N/A","N/A"
"Wethersfield School District","=""1590011""","White",81,2.9
"Willington School District","=""1600011""","American Indian or Alaska Native","N/A","*"
"Willington School District","=""1600011""","Asian","N/A","*"
"Willington School District","=""1600011""","Black or African American","N/A","*"
"Willington School District","=""1600011""","Hispanic/Latino of any race","*","*"
"Willington School District","=""1600011""","Native Hawaiian or Other Pacific Islander","N/A","*"
"Willington School District","=""1600011""","Two or More Races","N/A","*"
"Willington School District","=""1600011""","White","*","*"
"Wilton School District","=""1610011""","American Indian or Alaska Native","N/A","*"
"Wilton School District","=""1610011""","Asian","*","*"
"Wilton School District","=""1610011""","Black or African American","N/A","N/A"
"Wilton School District","=""1610011""","Hispanic/Latino of any race","N/A","N/A"
"Wilton School District","=""1610011""","Native Hawaiian or Other Pacific Islander","N/A","*"
"Wilton School District","=""1610011""","Two or More Races","*","*"
"Wilton School District","=""1610011""","White",48,1.2
"Winchester School District","=""1620011""","American Indian or Alaska Native","N/A","*"
"Winchester School District","=""1620011""","Asian","N/A","*"
"Winchester School District","=""1620011""","Black or African American","*","*"
"Winchester School District","=""1620011""","Hispanic/Latino of any race","*","*"
"Winchester School District","=""1620011""","Native Hawaiian or Other Pacific Islander","N/A","*"
"Winchester School District","=""1620011""","Two or More Races","*","*"
"Winchester School District","=""1620011""","White",17,2.8
"Windham School District","=""1630011""","American Indian or Alaska Native","*","*"
"Windham School District","=""1630011""","Asian","*","*"
"Windham School District","=""1630011""","Black or African American",45,28.5
"Windham School District","=""1630011""","Hispanic/Latino of any race",442,20.7
"Windham School District","=""1630011""","Two or More Races",8,10.7
"Windham School District","=""1630011""","White",99,11.4
"Windsor Locks School District","=""1650011""","American Indian or Alaska Native","N/A","*"
"Windsor Locks School District","=""1650011""","Asian","*","*"
"Windsor Locks School District","=""1650011""","Black or African American",32,20.3
"Windsor Locks School District","=""1650011""","Hispanic/Latino of any race",19,11.9
"Windsor Locks School District","=""1650011""","Native Hawaiian or Other Pacific Islander","N/A","*"
"Windsor Locks School District","=""1650011""","Two or More Races","*","*"
"Windsor Locks School District","=""1650011""","White",97,7.8
"Windsor School District","=""1640011""","American Indian or Alaska Native","N/A","*"
"Windsor School District","=""1640011""","Asian","*","*"
"Windsor School District","=""1640011""","Black or African American",316,19.2
"Windsor School District","=""1640011""","Hispanic/Latino of any race",83,16.1
"Windsor School District","=""1640011""","Native Hawaiian or Other Pacific Islander","N/A","*"
"Windsor School District","=""1640011""","Two or More Races","*","*"
"Windsor School District","=""1640011""","White",68,6.2
"Wolcott School District","=""1660011""","American Indian or Alaska Native","N/A","*"
"Wolcott School District","=""1660011""","Asian","N/A","N/A"
"Wolcott School District","=""1660011""","Black or African American",6,10.9
"Wolcott School District","=""1660011""","Hispanic/Latino of any race",13,11.9
"Wolcott School District","=""1660011""","Native Hawaiian or Other Pacific Islander","*","*"
"Wolcott School District","=""1660011""","Two or More Races","*","*"
"Wolcott School District","=""1660011""","White",131,5.5
"Woodbridge School District","=""1670011""","American Indian or Alaska Native","N/A","*"
"Woodbridge School District","=""1670011""","Asian","N/A","N/A"
"Woodbridge School District","=""1670011""","Black or African American","*","*"
"Woodbridge School District","=""1670011""","Hispanic/Latino of any race","N/A","N/A"
"Woodbridge School District","=""1670011""","Native Hawaiian or Other Pacific Islander","N/A","*"
"Woodbridge School District","=""1670011""","Two or More Races","N/A","*"
"Woodbridge School District","=""1670011""","White","N/A","N/A"
"Woodstock Academy District","=""9030022""","American Indian or Alaska Native","N/A","*"
"Woodstock Academy District","=""9030022""","Asian","*","*"
"Woodstock Academy District","=""9030022""","Black or African American","N/A","*"
"Woodstock Academy District","=""9030022""","Hispanic/Latino of any race","*","*"
"Woodstock Academy District","=""9030022""","Two or More Races","N/A","*"
"Woodstock Academy District","=""9030022""","White",87,8.8
"Woodstock School District","=""1690011""","Asian","N/A","*"
"Woodstock School District","=""1690011""","Black or African American","N/A","*"
"Woodstock School District","=""1690011""","Hispanic/Latino of any race","*","*"
"Woodstock School District","=""1690011""","Two or More Races","N/A","N/A"
"Woodstock School District","=""1690011""","White","*","*"

